,mean_fit_time,std_fit_time,mean_score_time,std_score_time,param_pre,param_rf__bootstrap,param_rf__class_weight,param_rf__min_samples_split,param_rf__n_estimators,params,split0_test_score,split1_test_score,split2_test_score,split3_test_score,split4_test_score,split5_test_score,split6_test_score,mean_test_score,std_test_score,rank_test_score,split0_train_score,split1_train_score,split2_train_score,split3_train_score,split4_train_score,split5_train_score,split6_train_score,mean_train_score,std_train_score
0,0.2061206272670201,0.004090524625477545,0.011416571480887277,0.007230502154770059,Identity(),True,balanced,2,100,"{'pre': Identity(), 'rf__bootstrap': True, 'rf__class_weight': 'balanced', 'rf__min_samples_split': 2, 'rf__n_estimators': 100}",0.9166666666666666,0.9066666666666666,0.9266666666666666,0.9033333333333333,0.93,0.8766666666666667,0.9033333333333333,0.909047619047619,0.016591667990651753,94,1.0,1.0,1.0,1.0,1.0,1.0,1.0,1.0,0.0
1,0.31489471026829313,0.003598505789491462,0.012550898960658483,0.005533076101757546,Identity(),True,balanced,2,150,"{'pre': Identity(), 'rf__bootstrap': True, 'rf__class_weight': 'balanced', 'rf__min_samples_split': 2, 'rf__n_estimators': 150}",0.9133333333333333,0.9133333333333333,0.9233333333333333,0.9066666666666666,0.9233333333333333,0.8766666666666667,0.9066666666666666,0.909047619047619,0.01466171839841966,94,1.0,1.0,1.0,1.0,1.0,1.0,1.0,1.0,0.0
2,0.415438175201416,0.007554400739041185,0.019169160297938755,0.0055797219074941815,Identity(),True,balanced,2,200,"{'pre': Identity(), 'rf__bootstrap': True, 'rf__class_weight': 'balanced', 'rf__min_samples_split': 2, 'rf__n_estimators': 200}",0.9166666666666666,0.9166666666666666,0.9233333333333333,0.9033333333333333,0.93,0.8766666666666667,0.91,0.910952380952381,0.01610622335741691,91,1.0,1.0,1.0,1.0,1.0,1.0,1.0,1.0,0.0
3,0.20441436767578125,0.00017546149639031003,0.004477977752685547,0.007080364125862852,Identity(),True,balanced,3,100,"{'pre': Identity(), 'rf__bootstrap': True, 'rf__class_weight': 'balanced', 'rf__min_samples_split': 3, 'rf__n_estimators': 100}",0.9133333333333333,0.9033333333333333,0.9366666666666666,0.9133333333333333,0.9333333333333333,0.8866666666666667,0.9133333333333333,0.9142857142857144,0.015807802545426495,56,0.9994444444444445,0.9994444444444445,0.9994444444444445,0.9994444444444445,1.0,1.0,1.0,0.9996825396825396,0.0002749286996140955
4,0.30672383308410645,0.0066816947243393265,0.010435887745448522,0.006687687996454536,Identity(),True,balanced,3,150,"{'pre': Identity(), 'rf__bootstrap': True, 'rf__class_weight': 'balanced', 'rf__min_samples_split': 3, 'rf__n_estimators': 150}",0.91,0.9133333333333333,0.9333333333333333,0.9166666666666666,0.9333333333333333,0.89,0.92,0.9166666666666666,0.013801311186847087,18,1.0,0.9988888888888889,0.9994444444444445,0.9988888888888889,1.0,1.0,1.0,0.9996031746031747,0.0004892392065848181
5,0.40536253792898996,0.0056916164249780025,0.01620657103402274,0.001702455690943692,Identity(),True,balanced,3,200,"{'pre': Identity(), 'rf__bootstrap': True, 'rf__class_weight': 'balanced', 'rf__min_samples_split': 3, 'rf__n_estimators': 200}",0.9166666666666666,0.91,0.9366666666666666,0.9166666666666666,0.93,0.88,0.9166666666666666,0.9152380952380952,0.01670064563500017,37,0.9994444444444445,0.9994444444444445,0.9994444444444445,0.9994444444444445,1.0,1.0,1.0,0.9996825396825396,0.0002749286996140955
6,0.20492543492998397,0.001502450557678664,0.008219582693917411,0.007306980485880074,Identity(),True,balanced,4,100,"{'pre': Identity(), 'rf__bootstrap': True, 'rf__class_weight': 'balanced', 'rf__min_samples_split': 4, 'rf__n_estimators': 100}",0.9166666666666666,0.9033333333333333,0.93,0.9166666666666666,0.9266666666666666,0.8866666666666667,0.91,0.9128571428571428,0.0136193806153096,78,0.9972222222222222,0.9966666666666667,0.9988888888888889,0.9972222222222222,0.9977777777777778,0.9988888888888889,0.9972222222222222,0.9976984126984126,0.0008093681767607709
7,0.30535285813467844,0.007697530061781261,0.013421126774379186,0.005479328933103241,Identity(),True,balanced,4,150,"{'pre': Identity(), 'rf__bootstrap': True, 'rf__class_weight': 'balanced', 'rf__min_samples_split': 4, 'rf__n_estimators': 150}",0.9133333333333333,0.9066666666666666,0.9266666666666666,0.9133333333333333,0.9266666666666666,0.89,0.9066666666666666,0.9119047619047619,0.011799534946060819,86,0.9983333333333333,0.9983333333333333,0.9977777777777778,0.9977777777777778,0.9983333333333333,0.9983333333333333,0.9983333333333333,0.9981746031746032,0.00025097441747366995
8,0.4042607716151646,0.005785647909127627,0.015766620635986328,0.0001465831971224548,Identity(),True,balanced,4,200,"{'pre': Identity(), 'rf__bootstrap': True, 'rf__class_weight': 'balanced', 'rf__min_samples_split': 4, 'rf__n_estimators': 200}",0.91,0.91,0.93,0.9166666666666666,0.9233333333333333,0.8833333333333333,0.9066666666666666,0.9114285714285713,0.013784871262981092,90,0.9977777777777778,0.9988888888888889,0.9977777777777778,0.9988888888888889,0.9983333333333333,0.9983333333333333,0.9983333333333333,0.9983333333333332,0.0004199605255658317
9,0.20077766690935409,0.005258621858643249,0.010333129337855749,0.0063622857372586765,Identity(),True,balanced,5,100,"{'pre': Identity(), 'rf__bootstrap': True, 'rf__class_weight': 'balanced', 'rf__min_samples_split': 5, 'rf__n_estimators': 100}",0.9066666666666666,0.9066666666666666,0.94,0.9133333333333333,0.9266666666666666,0.8833333333333333,0.9066666666666666,0.9119047619047619,0.016509462688914015,86,0.9938888888888889,0.9927777777777778,0.9933333333333333,0.9933333333333333,0.9955555555555555,0.995,0.9944444444444445,0.994047619047619,0.0009255479198167204
10,0.3077951839991978,0.007334330410031622,0.010090419224330358,0.00615560799470657,Identity(),True,balanced,5,150,"{'pre': Identity(), 'rf__bootstrap': True, 'rf__class_weight': 'balanced', 'rf__min_samples_split': 5, 'rf__n_estimators': 150}",0.9133333333333333,0.9066666666666666,0.94,0.91,0.9233333333333333,0.8833333333333333,0.9133333333333333,0.9128571428571428,0.01587936381003149,78,0.9938888888888889,0.9933333333333333,0.9938888888888889,0.9933333333333333,0.9961111111111111,0.995,0.9944444444444445,0.9942857142857143,0.0009255479198167066
11,0.4065875666482108,0.005072625159166471,0.015491724014282227,0.000602861651488065,Identity(),True,balanced,5,200,"{'pre': Identity(), 'rf__bootstrap': True, 'rf__class_weight': 'balanced', 'rf__min_samples_split': 5, 'rf__n_estimators': 200}",0.9133333333333333,0.9066666666666666,0.9366666666666666,0.9166666666666666,0.9266666666666666,0.8866666666666667,0.91,0.9138095238095237,0.014630753805463996,62,0.9944444444444445,0.9927777777777778,0.9944444444444445,0.9938888888888889,0.9961111111111111,0.995,0.9944444444444445,0.9944444444444445,0.0009390602830316723
12,0.20225889342171804,0.005478928972521315,0.008932386125837053,0.007735708794250976,Identity(),True,,2,100,"{'pre': Identity(), 'rf__bootstrap': True, 'rf__class_weight': None, 'rf__min_samples_split': 2, 'rf__n_estimators': 100}",0.9166666666666666,0.9066666666666666,0.9333333333333333,0.9166666666666666,0.9333333333333333,0.88,0.91,0.9138095238095237,0.016849339059956323,62,1.0,1.0,1.0,1.0,1.0,1.0,1.0,1.0,0.0
13,0.3093723569597517,0.007533769669664117,0.007941756929670061,0.007014185417619859,Identity(),True,,2,150,"{'pre': Identity(), 'rf__bootstrap': True, 'rf__class_weight': None, 'rf__min_samples_split': 2, 'rf__n_estimators': 150}",0.9133333333333333,0.9066666666666666,0.9366666666666666,0.9033333333333333,0.9266666666666666,0.8866666666666667,0.9133333333333333,0.9123809523809523,0.014982983545287864,85,1.0,1.0,1.0,1.0,1.0,1.0,1.0,1.0,0.0
14,0.4050643103463309,0.005768618373120916,0.01728292873927525,0.004262755784416652,Identity(),True,,2,200,"{'pre': Identity(), 'rf__bootstrap': True, 'rf__class_weight': None, 'rf__min_samples_split': 2, 'rf__n_estimators': 200}",0.9166666666666666,0.91,0.93,0.9066666666666666,0.93,0.8833333333333333,0.9166666666666666,0.9133333333333333,0.014800257398019122,69,1.0,1.0,1.0,1.0,1.0,1.0,1.0,1.0,0.0
15,0.20209247725350515,0.005696930414799371,0.008710214069911413,0.007559889008044413,Identity(),True,,3,100,"{'pre': Identity(), 'rf__bootstrap': True, 'rf__class_weight': None, 'rf__min_samples_split': 3, 'rf__n_estimators': 100}",0.9133333333333333,0.9066666666666666,0.93,0.92,0.9233333333333333,0.89,0.9033333333333333,0.9123809523809524,0.012562767579307558,82,0.9988888888888889,0.9994444444444445,0.9994444444444445,0.9994444444444445,1.0,1.0,1.0,0.9996031746031745,0.00038880789567985257
16,0.30508157185145784,0.00802988424482807,0.013398000172206334,0.005469717601251757,Identity(),True,,3,150,"{'pre': Identity(), 'rf__bootstrap': True, 'rf__class_weight': None, 'rf__min_samples_split': 3, 'rf__n_estimators': 150}",0.92,0.9066666666666666,0.9333333333333333,0.9133333333333333,0.9233333333333333,0.8866666666666667,0.91,0.9133333333333332,0.013685817012571343,76,0.9994444444444445,0.9994444444444445,0.9994444444444445,0.9988888888888889,1.0,1.0,1.0,0.9996031746031747,0.0003888078956798526
17,0.40596587317330496,0.005509000528314629,0.01794545991080148,0.0054344963844465966,Identity(),True,,3,200,"{'pre': Identity(), 'rf__bootstrap': True, 'rf__class_weight': None, 'rf__min_samples_split': 3, 'rf__n_estimators': 200}",0.9133333333333333,0.91,0.93,0.91,0.93,0.8866666666666667,0.91,0.9128571428571429,0.013619380615309613,77,0.9988888888888889,0.9994444444444445,1.0,0.9994444444444445,1.0,1.0,1.0,0.9996825396825396,0.0004046840883803621
18,0.2021787166595459,0.005474707293743965,0.0066988808768136164,0.007735201670987829,Identity(),True,,4,100,"{'pre': Identity(), 'rf__bootstrap': True, 'rf__class_weight': None, 'rf__min_samples_split': 4, 'rf__n_estimators': 100}",0.9166666666666666,0.9066666666666666,0.93,0.9066666666666666,0.9233333333333333,0.8766666666666667,0.91,0.9100000000000001,0.015836465855538943,93,0.9961111111111111,0.9983333333333333,0.9983333333333333,0.9983333333333333,0.9994444444444445,0.9977777777777778,0.9994444444444445,0.9982539682539681,0.0010468972982756515
19,0.30056612832205637,0.0019543325176565284,0.015210151672363281,0.001287758946477742,Identity(),True,,4,150,"{'pre': Identity(), 'rf__bootstrap': True, 'rf__class_weight': None, 'rf__min_samples_split': 4, 'rf__n_estimators': 150}",0.91,0.9033333333333333,0.93,0.9066666666666666,0.93,0.8833333333333333,0.91,0.9104761904761904,0.014952684255340581,92,0.9972222222222222,0.9983333333333333,0.9983333333333333,0.9977777777777778,0.9983333333333333,0.9983333333333333,0.9988888888888889,0.9981746031746032,0.0004892392065848413
20,0.39876178332737516,0.006578704460730602,0.01570258821759905,0.00013871032040763427,Identity(),True,,4,200,"{'pre': Identity(), 'rf__bootstrap': True, 'rf__class_weight': None, 'rf__min_samples_split': 4, 'rf__n_estimators': 200}",0.91,0.9066666666666666,0.93,0.9133333333333333,0.9333333333333333,0.8833333333333333,0.91,0.9123809523809524,0.015297503242103837,82,0.9972222222222222,0.9983333333333333,0.9983333333333333,0.9983333333333333,0.9983333333333333,0.9983333333333333,0.9988888888888889,0.9982539682539681,0.0004627739599083588
21,0.19714651788984025,0.0073629053508671456,0.010322536740984236,0.00684380245582273,Identity(),True,,5,100,"{'pre': Identity(), 'rf__bootstrap': True, 'rf__class_weight': None, 'rf__min_samples_split': 5, 'rf__n_estimators': 100}",0.91,0.9066666666666666,0.9333333333333333,0.9033333333333333,0.9266666666666666,0.8833333333333333,0.9,0.909047619047619,0.015503638662952108,94,0.9922222222222222,0.9911111111111112,0.9916666666666667,0.9955555555555555,0.9955555555555555,0.995,0.9944444444444445,0.9936507936507937,0.00177820289701649
22,0.2992559160505022,0.007651316819144843,0.012484005519321986,0.005340535217418676,Identity(),True,,5,150,"{'pre': Identity(), 'rf__bootstrap': True, 'rf__class_weight': None, 'rf__min_samples_split': 5, 'rf__n_estimators': 150}",0.9133333333333333,0.91,0.9333333333333333,0.9033333333333333,0.9266666666666666,0.8866666666666667,0.9066666666666666,0.9114285714285714,0.014238015607358136,88,0.9922222222222222,0.9938888888888889,0.9933333333333333,0.995,0.995,0.9933333333333333,0.995,0.993968253968254,0.0010038976698947275
23,0.40386904988970074,0.007085507952966835,0.015840564455304827,0.00035093813617411877,Identity(),True,,5,200,"{'pre': Identity(), 'rf__bootstrap': True, 'rf__class_weight': None, 'rf__min_samples_split': 5, 'rf__n_estimators': 200}",0.9133333333333333,0.9066666666666666,0.9366666666666666,0.9066666666666666,0.9266666666666666,0.8866666666666667,0.9033333333333333,0.9114285714285714,0.015103572883003513,88,0.9933333333333333,0.9938888888888889,0.9938888888888889,0.9961111111111111,0.9955555555555555,0.995,0.9944444444444445,0.9946031746031746,0.0009255479198166958
24,0.2840158939361572,0.006531672581964281,0.0022322790963309152,0.005467944749491879,Identity(),False,balanced,2,100,"{'pre': Identity(), 'rf__bootstrap': False, 'rf__class_weight': 'balanced', 'rf__min_samples_split': 2, 'rf__n_estimators': 100}",0.9233333333333333,0.9,0.9333333333333333,0.9133333333333333,0.9333333333333333,0.8833333333333333,0.9133333333333333,0.9142857142857143,0.016781914463529626,59,1.0,1.0,1.0,1.0,1.0,1.0,1.0,1.0,0.0
25,0.4312467575073242,0.008167106233329545,0.013410466057913644,0.005475069536992056,Identity(),False,balanced,2,150,"{'pre': Identity(), 'rf__bootstrap': False, 'rf__class_weight': 'balanced', 'rf__min_samples_split': 2, 'rf__n_estimators': 150}",0.9133333333333333,0.9,0.93,0.9166666666666666,0.9333333333333333,0.8833333333333333,0.9166666666666666,0.9133333333333333,0.01593638145779193,69,1.0,1.0,1.0,1.0,1.0,1.0,1.0,1.0,0.0
26,0.5774916921343122,0.01662675695956027,0.016132661274501255,0.003245327369875832,Identity(),False,balanced,2,200,"{'pre': Identity(), 'rf__bootstrap': False, 'rf__class_weight': 'balanced', 'rf__min_samples_split': 2, 'rf__n_estimators': 200}",0.9133333333333333,0.9033333333333333,0.9333333333333333,0.92,0.9333333333333333,0.8833333333333333,0.9166666666666666,0.9147619047619048,0.016218463205644205,48,1.0,1.0,1.0,1.0,1.0,1.0,1.0,1.0,0.0
27,0.2841848645891462,0.00476666316816389,0.008930887494768416,0.007734376095561934,Identity(),False,balanced,3,100,"{'pre': Identity(), 'rf__bootstrap': False, 'rf__class_weight': 'balanced', 'rf__min_samples_split': 3, 'rf__n_estimators': 100}",0.9166666666666666,0.9033333333333333,0.93,0.9166666666666666,0.9266666666666666,0.9,0.9133333333333333,0.9152380952380952,0.010213147899774866,37,1.0,1.0,1.0,1.0,1.0,1.0,1.0,1.0,0.0
28,0.424140351159232,0.0005527072175061318,0.015718323843819753,0.00012722063235185395,Identity(),False,balanced,3,150,"{'pre': Identity(), 'rf__bootstrap': False, 'rf__class_weight': 'balanced', 'rf__min_samples_split': 3, 'rf__n_estimators': 150}",0.9166666666666666,0.9066666666666666,0.9333333333333333,0.9166666666666666,0.9333333333333333,0.9,0.9133333333333333,0.9171428571428571,0.011605769149479951,9,1.0,1.0,1.0,1.0,1.0,1.0,1.0,1.0,0.0
29,0.569904123033796,0.007197007376818251,0.01802924701145717,0.0054251799994519696,Identity(),False,balanced,3,200,"{'pre': Identity(), 'rf__bootstrap': False, 'rf__class_weight': 'balanced', 'rf__min_samples_split': 3, 'rf__n_estimators': 200}",0.9133333333333333,0.9066666666666666,0.9333333333333333,0.9166666666666666,0.93,0.9033333333333333,0.9133333333333333,0.9166666666666666,0.010389249632986416,18,1.0,1.0,1.0,1.0,1.0,1.0,1.0,1.0,0.0
30,0.2833290100097656,0.008776634136270434,0.012338740485055106,0.005673557142038595,Identity(),False,balanced,4,100,"{'pre': Identity(), 'rf__bootstrap': False, 'rf__class_weight': 'balanced', 'rf__min_samples_split': 4, 'rf__n_estimators': 100}",0.92,0.8933333333333333,0.93,0.92,0.93,0.8966666666666666,0.9133333333333333,0.9147619047619048,0.013669238185149868,48,1.0,1.0,1.0,1.0,1.0,1.0,1.0,1.0,0.0
31,0.4201327732631138,0.006474017877238689,0.01540987832205636,0.0005372738321883496,Identity(),False,balanced,4,150,"{'pre': Identity(), 'rf__bootstrap': False, 'rf__class_weight': 'balanced', 'rf__min_samples_split': 4, 'rf__n_estimators': 150}",0.9166666666666666,0.9033333333333333,0.9366666666666666,0.9166666666666666,0.9333333333333333,0.8933333333333333,0.9133333333333333,0.9161904761904761,0.014190156595953662,24,1.0,1.0,1.0,1.0,1.0,1.0,1.0,1.0,0.0
32,0.5582069669451032,0.00930412254653656,0.01677053315298898,0.002259136349214034,Identity(),False,balanced,4,200,"{'pre': Identity(), 'rf__bootstrap': False, 'rf__class_weight': 'balanced', 'rf__min_samples_split': 4, 'rf__n_estimators': 200}",0.9166666666666666,0.9066666666666666,0.94,0.9166666666666666,0.93,0.8933333333333333,0.91,0.9161904761904761,0.014190156595953657,24,1.0,1.0,1.0,1.0,1.0,1.0,1.0,1.0,0.0
33,0.28151886803763254,0.0038703916513226854,0.004347324371337891,0.005993259328400169,Identity(),False,balanced,5,100,"{'pre': Identity(), 'rf__bootstrap': False, 'rf__class_weight': 'balanced', 'rf__min_samples_split': 5, 'rf__n_estimators': 100}",0.9066666666666666,0.9066666666666666,0.9333333333333333,0.9066666666666666,0.9333333333333333,0.8933333333333333,0.9133333333333333,0.9133333333333333,0.013801311186847104,69,1.0,1.0,1.0,1.0,1.0,1.0,1.0,1.0,0.0
34,0.41738973345075336,0.007582194171581339,0.015149797712053572,0.004509041233310825,Identity(),False,balanced,5,150,"{'pre': Identity(), 'rf__bootstrap': False, 'rf__class_weight': 'balanced', 'rf__min_samples_split': 5, 'rf__n_estimators': 150}",0.9066666666666666,0.9066666666666666,0.9366666666666666,0.9166666666666666,0.93,0.8966666666666666,0.9066666666666666,0.9142857142857143,0.013299276232160921,59,1.0,1.0,1.0,1.0,1.0,1.0,1.0,1.0,0.0
35,0.5552150181361607,0.007202598828216924,0.015498910631452287,0.0006022337405056783,Identity(),False,balanced,5,200,"{'pre': Identity(), 'rf__bootstrap': False, 'rf__class_weight': 'balanced', 'rf__min_samples_split': 5, 'rf__n_estimators': 200}",0.9133333333333333,0.9066666666666666,0.9333333333333333,0.9166666666666666,0.93,0.8966666666666666,0.9066666666666666,0.9147619047619047,0.012196427118919743,54,1.0,1.0,1.0,1.0,1.0,1.0,1.0,1.0,0.0
36,0.27918362617492676,0.005854777138521985,0.006506306784493583,0.006635196306316053,Identity(),False,,2,100,"{'pre': Identity(), 'rf__bootstrap': False, 'rf__class_weight': None, 'rf__min_samples_split': 2, 'rf__n_estimators': 100}",0.9166666666666666,0.9066666666666666,0.9333333333333333,0.91,0.9266666666666666,0.8933333333333333,0.9066666666666666,0.9133333333333333,0.01247219128924648,69,1.0,1.0,1.0,1.0,1.0,1.0,1.0,1.0,0.0
37,0.4172154835292271,0.007370202491911344,0.010106767926897322,0.006571575783467428,Identity(),False,,2,150,"{'pre': Identity(), 'rf__bootstrap': False, 'rf__class_weight': None, 'rf__min_samples_split': 2, 'rf__n_estimators': 150}",0.92,0.9033333333333333,0.9366666666666666,0.9166666666666666,0.93,0.89,0.9066666666666666,0.9147619047619047,0.014891900734392283,54,1.0,1.0,1.0,1.0,1.0,1.0,1.0,1.0,0.0
38,0.5577806404658726,0.018073033129205614,0.01573920249938965,0.00018591430302055526,Identity(),False,,2,200,"{'pre': Identity(), 'rf__bootstrap': False, 'rf__class_weight': None, 'rf__min_samples_split': 2, 'rf__n_estimators': 200}",0.9166666666666666,0.9033333333333333,0.9366666666666666,0.9133333333333333,0.93,0.8933333333333333,0.91,0.9147619047619048,0.013784871262981082,48,1.0,1.0,1.0,1.0,1.0,1.0,1.0,1.0,0.0
39,0.2770712035042899,0.007333145357196062,0.01039426667349679,0.006690497230144208,Identity(),False,,3,100,"{'pre': Identity(), 'rf__bootstrap': False, 'rf__class_weight': None, 'rf__min_samples_split': 3, 'rf__n_estimators': 100}",0.92,0.9066666666666666,0.9366666666666666,0.9133333333333333,0.93,0.8933333333333333,0.9066666666666666,0.9152380952380952,0.013784871262981094,37,1.0,1.0,1.0,1.0,1.0,1.0,1.0,1.0,0.0
40,0.4156148433685303,0.008354957625741642,0.010869128363473075,0.006908553191423108,Identity(),False,,3,150,"{'pre': Identity(), 'rf__bootstrap': False, 'rf__class_weight': None, 'rf__min_samples_split': 3, 'rf__n_estimators': 150}",0.9233333333333333,0.91,0.94,0.91,0.9333333333333333,0.89,0.9033333333333333,0.9157142857142857,0.016204475740165276,31,1.0,1.0,1.0,1.0,1.0,1.0,1.0,1.0,0.0
41,0.5517205510820661,0.009803131097175037,0.016823325838361467,0.002859689343319968,Identity(),False,,3,200,"{'pre': Identity(), 'rf__bootstrap': False, 'rf__class_weight': None, 'rf__min_samples_split': 3, 'rf__n_estimators': 200}",0.92,0.9033333333333333,0.94,0.9166666666666666,0.9333333333333333,0.8933333333333333,0.9066666666666666,0.9161904761904761,0.015371440372922833,24,1.0,1.0,1.0,1.0,1.0,1.0,1.0,1.0,0.0
42,0.2718616894313267,0.007301499823370197,0.008931875228881836,0.007735232750086527,Identity(),False,,4,100,"{'pre': Identity(), 'rf__bootstrap': False, 'rf__class_weight': None, 'rf__min_samples_split': 4, 'rf__n_estimators': 100}",0.9133333333333333,0.9066666666666666,0.9266666666666666,0.9133333333333333,0.93,0.9,0.91,0.9142857142857144,0.009874495882537014,56,1.0,1.0,1.0,1.0,1.0,1.0,1.0,1.0,0.0
43,0.41085723468235563,0.005684221823813265,0.012623378208705358,0.005496791458291501,Identity(),False,,4,150,"{'pre': Identity(), 'rf__bootstrap': False, 'rf__class_weight': None, 'rf__min_samples_split': 4, 'rf__n_estimators': 150}",0.92,0.9066666666666666,0.9333333333333333,0.9133333333333333,0.93,0.9033333333333333,0.9133333333333333,0.917142857142857,0.010454523047666761,13,1.0,1.0,1.0,1.0,1.0,1.0,1.0,1.0,0.0
44,0.5577108519417899,0.011649086577916138,0.01572697503226144,0.00019711327073896885,Identity(),False,,4,200,"{'pre': Identity(), 'rf__bootstrap': False, 'rf__class_weight': None, 'rf__min_samples_split': 4, 'rf__n_estimators': 200}",0.9166666666666666,0.9066666666666666,0.9333333333333333,0.9166666666666666,0.93,0.8933333333333333,0.9166666666666666,0.9161904761904763,0.012526615655205645,22,1.0,1.0,1.0,1.0,1.0,1.0,1.0,1.0,0.0
45,0.27111479214259554,0.005968584154667999,0.013290269034249442,0.005460595619720938,Identity(),False,,5,100,"{'pre': Identity(), 'rf__bootstrap': False, 'rf__class_weight': None, 'rf__min_samples_split': 5, 'rf__n_estimators': 100}",0.9166666666666666,0.91,0.9333333333333333,0.92,0.93,0.8966666666666666,0.91,0.9166666666666666,0.011683661091795541,18,1.0,1.0,1.0,1.0,1.0,1.0,1.0,1.0,0.0
46,0.4125739165714809,0.006304124576537468,0.01171149526323591,0.007476530241628705,Identity(),False,,5,150,"{'pre': Identity(), 'rf__bootstrap': False, 'rf__class_weight': None, 'rf__min_samples_split': 5, 'rf__n_estimators': 150}",0.92,0.91,0.9333333333333333,0.9133333333333333,0.93,0.89,0.91,0.9152380952380952,0.013434986647300848,37,1.0,1.0,1.0,1.0,1.0,1.0,1.0,1.0,0.0
47,0.5451085226876395,0.006827682864825617,0.018856797899518694,0.0038242256306401114,Identity(),False,,5,200,"{'pre': Identity(), 'rf__bootstrap': False, 'rf__class_weight': None, 'rf__min_samples_split': 5, 'rf__n_estimators': 200}",0.9233333333333333,0.9033333333333333,0.9366666666666666,0.9133333333333333,0.93,0.8933333333333333,0.9166666666666666,0.9166666666666667,0.013915846853526159,14,1.0,1.0,1.0,1.0,1.0,1.0,1.0,1.0,0.0
48,0.20171502658299037,0.005044783677950853,0.005620786121913365,0.006894339296026565,"ColumnTransformer(remainder='passthrough',
                  transformers=[('dropfts', 'drop', ['feature7', 'feature8'])])",True,balanced,2,100,"{'pre': ColumnTransformer(remainder='passthrough',
                  transformers=[('dropfts', 'drop', ['feature7', 'feature8'])]), 'rf__bootstrap': True, 'rf__class_weight': 'balanced', 'rf__min_samples_split': 2, 'rf__n_estimators': 100}",0.9166666666666666,0.92,0.94,0.9133333333333333,0.9266666666666666,0.9,0.9033333333333333,0.9171428571428571,0.012652695481510861,9,1.0,1.0,1.0,1.0,1.0,1.0,1.0,1.0,0.0
49,0.30106990677969797,0.0057261221389533845,0.012324844087873186,0.008184146208961145,"ColumnTransformer(remainder='passthrough',
                  transformers=[('dropfts', 'drop', ['feature7', 'feature8'])])",True,balanced,2,150,"{'pre': ColumnTransformer(remainder='passthrough',
                  transformers=[('dropfts', 'drop', ['feature7', 'feature8'])]), 'rf__bootstrap': True, 'rf__class_weight': 'balanced', 'rf__min_samples_split': 2, 'rf__n_estimators': 150}",0.9166666666666666,0.91,0.94,0.9133333333333333,0.9266666666666666,0.9,0.8966666666666666,0.9147619047619048,0.013899542399358486,48,1.0,1.0,1.0,1.0,1.0,1.0,1.0,1.0,0.0
50,0.3959395544869559,0.005242981390459647,0.01314370972769601,0.00410887146888152,"ColumnTransformer(remainder='passthrough',
                  transformers=[('dropfts', 'drop', ['feature7', 'feature8'])])",True,balanced,2,200,"{'pre': ColumnTransformer(remainder='passthrough',
                  transformers=[('dropfts', 'drop', ['feature7', 'feature8'])]), 'rf__bootstrap': True, 'rf__class_weight': 'balanced', 'rf__min_samples_split': 2, 'rf__n_estimators': 200}",0.92,0.9133333333333333,0.94,0.9233333333333333,0.93,0.9033333333333333,0.8966666666666666,0.9180952380952381,0.013899542399358509,1,1.0,1.0,1.0,1.0,1.0,1.0,1.0,1.0,0.0
51,0.19587091037205287,0.007483453951682167,0.010312693459647042,0.006649268873012489,"ColumnTransformer(remainder='passthrough',
                  transformers=[('dropfts', 'drop', ['feature7', 'feature8'])])",True,balanced,3,100,"{'pre': ColumnTransformer(remainder='passthrough',
                  transformers=[('dropfts', 'drop', ['feature7', 'feature8'])]), 'rf__bootstrap': True, 'rf__class_weight': 'balanced', 'rf__min_samples_split': 3, 'rf__n_estimators': 100}",0.92,0.9166666666666666,0.94,0.91,0.9366666666666666,0.8966666666666666,0.9066666666666666,0.918095238095238,0.014568627181693671,2,1.0,0.9994444444444445,0.9994444444444445,1.0,1.0,1.0,1.0,0.9998412698412699,0.00025097441747366995
52,0.2985856533050537,0.0006917566943503731,0.012538807732718331,0.005540409161723153,"ColumnTransformer(remainder='passthrough',
                  transformers=[('dropfts', 'drop', ['feature7', 'feature8'])])",True,balanced,3,150,"{'pre': ColumnTransformer(remainder='passthrough',
                  transformers=[('dropfts', 'drop', ['feature7', 'feature8'])]), 'rf__bootstrap': True, 'rf__class_weight': 'balanced', 'rf__min_samples_split': 3, 'rf__n_estimators': 150}",0.9166666666666666,0.9166666666666666,0.9366666666666666,0.9166666666666666,0.9333333333333333,0.89,0.9033333333333333,0.9161904761904761,0.01495268425534055,24,1.0,0.9988888888888889,0.9994444444444445,1.0,1.0,1.0,1.0,0.9997619047619047,0.0004046840883803621
53,0.39657149996076313,0.00806075308395401,0.017150299889700755,0.002599706309217087,"ColumnTransformer(remainder='passthrough',
                  transformers=[('dropfts', 'drop', ['feature7', 'feature8'])])",True,balanced,3,200,"{'pre': ColumnTransformer(remainder='passthrough',
                  transformers=[('dropfts', 'drop', ['feature7', 'feature8'])]), 'rf__bootstrap': True, 'rf__class_weight': 'balanced', 'rf__min_samples_split': 3, 'rf__n_estimators': 200}",0.9166666666666666,0.9166666666666666,0.94,0.9166666666666666,0.93,0.8933333333333333,0.9033333333333333,0.9166666666666667,0.014364860122855578,14,1.0,1.0,1.0,1.0,1.0,1.0,1.0,1.0,0.0
54,0.19625745500837052,0.0072992712363142,0.009834902627127511,0.006988037769433161,"ColumnTransformer(remainder='passthrough',
                  transformers=[('dropfts', 'drop', ['feature7', 'feature8'])])",True,balanced,4,100,"{'pre': ColumnTransformer(remainder='passthrough',
                  transformers=[('dropfts', 'drop', ['feature7', 'feature8'])]), 'rf__bootstrap': True, 'rf__class_weight': 'balanced', 'rf__min_samples_split': 4, 'rf__n_estimators': 100}",0.9133333333333333,0.9166666666666666,0.94,0.9166666666666666,0.9266666666666666,0.9,0.9066666666666666,0.9171428571428571,0.012140522651411377,9,0.9977777777777778,0.9966666666666667,0.9983333333333333,0.9977777777777778,0.9994444444444445,1.0,0.9977777777777778,0.9982539682539683,0.0010468972982756273
55,0.29907325335911344,0.0009096922886073643,0.012536185128348214,0.005526053630910234,"ColumnTransformer(remainder='passthrough',
                  transformers=[('dropfts', 'drop', ['feature7', 'feature8'])])",True,balanced,4,150,"{'pre': ColumnTransformer(remainder='passthrough',
                  transformers=[('dropfts', 'drop', ['feature7', 'feature8'])]), 'rf__bootstrap': True, 'rf__class_weight': 'balanced', 'rf__min_samples_split': 4, 'rf__n_estimators': 150}",0.9133333333333333,0.91,0.94,0.9133333333333333,0.9333333333333333,0.8966666666666666,0.9066666666666666,0.9161904761904761,0.014077852856280462,24,0.9977777777777778,0.9977777777777778,0.9983333333333333,0.9983333333333333,0.9983333333333333,0.9988888888888889,0.9994444444444445,0.9984126984126983,0.0005498573992282346
56,0.39399562563214985,0.008812769875655845,0.01764157840183803,0.0032904613867741498,"ColumnTransformer(remainder='passthrough',
                  transformers=[('dropfts', 'drop', ['feature7', 'feature8'])])",True,balanced,4,200,"{'pre': ColumnTransformer(remainder='passthrough',
                  transformers=[('dropfts', 'drop', ['feature7', 'feature8'])]), 'rf__bootstrap': True, 'rf__class_weight': 'balanced', 'rf__min_samples_split': 4, 'rf__n_estimators': 200}",0.91,0.9033333333333333,0.94,0.92,0.93,0.8966666666666666,0.9066666666666666,0.9152380952380952,0.014349065879351785,37,0.9977777777777778,0.9983333333333333,0.9988888888888889,0.9983333333333333,0.9994444444444445,0.9983333333333333,0.9994444444444445,0.9986507936507936,0.0005832118435198286
57,0.20083161762782506,0.005808060053109123,0.003530740737915039,0.005847889978815071,"ColumnTransformer(remainder='passthrough',
                  transformers=[('dropfts', 'drop', ['feature7', 'feature8'])])",True,balanced,5,100,"{'pre': ColumnTransformer(remainder='passthrough',
                  transformers=[('dropfts', 'drop', ['feature7', 'feature8'])]), 'rf__bootstrap': True, 'rf__class_weight': 'balanced', 'rf__min_samples_split': 5, 'rf__n_estimators': 100}",0.92,0.91,0.9333333333333333,0.92,0.93,0.9,0.9,0.9161904761904763,0.012399253872658611,22,0.9938888888888889,0.995,0.9944444444444445,0.9944444444444445,0.9961111111111111,0.9961111111111111,0.995,0.9950000000000001,0.000785674201318352
58,0.2964925084795271,0.005453678596988833,0.010376385280064173,0.006824291196240838,"ColumnTransformer(remainder='passthrough',
                  transformers=[('dropfts', 'drop', ['feature7', 'feature8'])])",True,balanced,5,150,"{'pre': ColumnTransformer(remainder='passthrough',
                  transformers=[('dropfts', 'drop', ['feature7', 'feature8'])]), 'rf__bootstrap': True, 'rf__class_weight': 'balanced', 'rf__min_samples_split': 5, 'rf__n_estimators': 150}",0.9133333333333333,0.9166666666666666,0.9366666666666666,0.9166666666666666,0.9333333333333333,0.9,0.9033333333333333,0.9171428571428571,0.012777531299998795,9,0.9944444444444445,0.995,0.9955555555555555,0.9938888888888889,0.9966666666666667,0.9961111111111111,0.9944444444444445,0.9951587301587302,0.0009255479198166999
59,0.3925349031175886,0.009689445382890901,0.0160041196005685,0.000739747559606496,"ColumnTransformer(remainder='passthrough',
                  transformers=[('dropfts', 'drop', ['feature7', 'feature8'])])",True,balanced,5,200,"{'pre': ColumnTransformer(remainder='passthrough',
                  transformers=[('dropfts', 'drop', ['feature7', 'feature8'])]), 'rf__bootstrap': True, 'rf__class_weight': 'balanced', 'rf__min_samples_split': 5, 'rf__n_estimators': 200}",0.92,0.9133333333333333,0.9366666666666666,0.9166666666666666,0.9266666666666666,0.89,0.9033333333333333,0.9152380952380952,0.014126092356372683,37,0.9944444444444445,0.9961111111111111,0.995,0.9944444444444445,0.9961111111111111,0.9955555555555555,0.9966666666666667,0.9954761904761905,0.0008093681767607476
60,0.19614120892116002,0.008629633792631508,0.011014018739972795,0.006974642703106661,"ColumnTransformer(remainder='passthrough',
                  transformers=[('dropfts', 'drop', ['feature7', 'feature8'])])",True,,2,100,"{'pre': ColumnTransformer(remainder='passthrough',
                  transformers=[('dropfts', 'drop', ['feature7', 'feature8'])]), 'rf__bootstrap': True, 'rf__class_weight': None, 'rf__min_samples_split': 2, 'rf__n_estimators': 100}",0.9166666666666666,0.9133333333333333,0.9333333333333333,0.92,0.9266666666666666,0.8966666666666666,0.8966666666666666,0.9147619047619048,0.012953781436890922,48,1.0,1.0,1.0,1.0,1.0,1.0,1.0,1.0,0.0
61,0.2951752798897879,0.006392343663157318,0.014147486005510603,0.006034863901029636,"ColumnTransformer(remainder='passthrough',
                  transformers=[('dropfts', 'drop', ['feature7', 'feature8'])])",True,,2,150,"{'pre': ColumnTransformer(remainder='passthrough',
                  transformers=[('dropfts', 'drop', ['feature7', 'feature8'])]), 'rf__bootstrap': True, 'rf__class_weight': None, 'rf__min_samples_split': 2, 'rf__n_estimators': 150}",0.92,0.9133333333333333,0.94,0.9166666666666666,0.9333333333333333,0.8966666666666666,0.9066666666666666,0.918095238095238,0.013784871262981085,2,1.0,1.0,1.0,1.0,1.0,1.0,1.0,1.0,0.0
62,0.3910207748413086,0.005468771624162673,0.0156747613634382,4.353151197433963e-05,"ColumnTransformer(remainder='passthrough',
                  transformers=[('dropfts', 'drop', ['feature7', 'feature8'])])",True,,2,200,"{'pre': ColumnTransformer(remainder='passthrough',
                  transformers=[('dropfts', 'drop', ['feature7', 'feature8'])]), 'rf__bootstrap': True, 'rf__class_weight': None, 'rf__min_samples_split': 2, 'rf__n_estimators': 200}",0.9166666666666666,0.9133333333333333,0.94,0.9166666666666666,0.9266666666666666,0.8966666666666666,0.9,0.9157142857142857,0.013768411709334238,31,1.0,1.0,1.0,1.0,1.0,1.0,1.0,1.0,0.0
63,0.19960083280290877,0.006013484765247477,0.009302547999790736,0.0065639961600319485,"ColumnTransformer(remainder='passthrough',
                  transformers=[('dropfts', 'drop', ['feature7', 'feature8'])])",True,,3,100,"{'pre': ColumnTransformer(remainder='passthrough',
                  transformers=[('dropfts', 'drop', ['feature7', 'feature8'])]), 'rf__bootstrap': True, 'rf__class_weight': None, 'rf__min_samples_split': 3, 'rf__n_estimators': 100}",0.92,0.92,0.94,0.92,0.9233333333333333,0.8966666666666666,0.9066666666666666,0.918095238095238,0.012580804584402777,2,1.0,0.9994444444444445,0.9994444444444445,1.0,1.0,1.0,1.0,0.9998412698412699,0.00025097441747366995
64,0.3011350631713867,0.009775352557576186,0.012316158839634486,0.005656288454963037,"ColumnTransformer(remainder='passthrough',
                  transformers=[('dropfts', 'drop', ['feature7', 'feature8'])])",True,,3,150,"{'pre': ColumnTransformer(remainder='passthrough',
                  transformers=[('dropfts', 'drop', ['feature7', 'feature8'])]), 'rf__bootstrap': True, 'rf__class_weight': None, 'rf__min_samples_split': 3, 'rf__n_estimators': 150}",0.9133333333333333,0.9166666666666666,0.9366666666666666,0.9166666666666666,0.9266666666666666,0.9,0.9066666666666666,0.9166666666666666,0.011268723396380213,18,1.0,0.9994444444444445,0.9994444444444445,1.0,1.0,1.0,1.0,0.9998412698412699,0.00025097441747366995
65,0.3950188159942627,0.010004114689633326,0.015846184321812222,0.0002580847716134431,"ColumnTransformer(remainder='passthrough',
                  transformers=[('dropfts', 'drop', ['feature7', 'feature8'])])",True,,3,200,"{'pre': ColumnTransformer(remainder='passthrough',
                  transformers=[('dropfts', 'drop', ['feature7', 'feature8'])]), 'rf__bootstrap': True, 'rf__class_weight': None, 'rf__min_samples_split': 3, 'rf__n_estimators': 200}",0.91,0.9133333333333333,0.94,0.9266666666666666,0.93,0.8966666666666666,0.9,0.9166666666666667,0.014907119849998596,14,1.0,1.0,1.0,1.0,1.0,1.0,1.0,1.0,0.0
66,0.1948221411023821,0.006608540277670486,0.009354591369628906,0.006779580588504728,"ColumnTransformer(remainder='passthrough',
                  transformers=[('dropfts', 'drop', ['feature7', 'feature8'])])",True,,4,100,"{'pre': ColumnTransformer(remainder='passthrough',
                  transformers=[('dropfts', 'drop', ['feature7', 'feature8'])]), 'rf__bootstrap': True, 'rf__class_weight': None, 'rf__min_samples_split': 4, 'rf__n_estimators': 100}",0.9266666666666666,0.9133333333333333,0.94,0.9166666666666666,0.9266666666666666,0.8966666666666666,0.9033333333333333,0.9176190476190476,0.013768411709334244,8,0.9977777777777778,0.9988888888888889,0.9977777777777778,0.9983333333333333,0.9988888888888889,0.9994444444444445,0.9988888888888889,0.9985714285714284,0.0005832118435198286
67,0.3042607307434082,0.012103809756430557,0.009595087596348353,0.007257190650722515,"ColumnTransformer(remainder='passthrough',
                  transformers=[('dropfts', 'drop', ['feature7', 'feature8'])])",True,,4,150,"{'pre': ColumnTransformer(remainder='passthrough',
                  transformers=[('dropfts', 'drop', ['feature7', 'feature8'])]), 'rf__bootstrap': True, 'rf__class_weight': None, 'rf__min_samples_split': 4, 'rf__n_estimators': 150}",0.92,0.9133333333333333,0.94,0.9166666666666666,0.9266666666666666,0.8933333333333333,0.9033333333333333,0.9161904761904761,0.014077852856280453,24,0.9977777777777778,0.9983333333333333,0.9977777777777778,0.9983333333333333,0.9983333333333333,0.9994444444444445,0.9994444444444445,0.9984920634920634,0.0006447649527489045
68,0.4034473214830671,0.01248685773132927,0.014619895390101842,0.005501729047145444,"ColumnTransformer(remainder='passthrough',
                  transformers=[('dropfts', 'drop', ['feature7', 'feature8'])])",True,,4,200,"{'pre': ColumnTransformer(remainder='passthrough',
                  transformers=[('dropfts', 'drop', ['feature7', 'feature8'])]), 'rf__bootstrap': True, 'rf__class_weight': None, 'rf__min_samples_split': 4, 'rf__n_estimators': 200}",0.9166666666666666,0.91,0.94,0.92,0.9266666666666666,0.8966666666666666,0.9,0.9157142857142857,0.013997084244475292,31,0.9983333333333333,0.9983333333333333,0.9983333333333333,0.9988888888888889,0.9988888888888889,0.9994444444444445,0.9994444444444445,0.9988095238095237,0.000462773959908386
69,0.20096680096217565,0.010078280463223725,0.006791966302054269,0.007844427986050546,"ColumnTransformer(remainder='passthrough',
                  transformers=[('dropfts', 'drop', ['feature7', 'feature8'])])",True,,5,100,"{'pre': ColumnTransformer(remainder='passthrough',
                  transformers=[('dropfts', 'drop', ['feature7', 'feature8'])]), 'rf__bootstrap': True, 'rf__class_weight': None, 'rf__min_samples_split': 5, 'rf__n_estimators': 100}",0.9233333333333333,0.91,0.9333333333333333,0.9133333333333333,0.9233333333333333,0.89,0.9033333333333333,0.9138095238095237,0.013384256497671616,62,0.995,0.9927777777777778,0.9955555555555555,0.995,0.9955555555555555,0.9972222222222222,0.9961111111111111,0.9953174603174605,0.001254872087368406
70,0.295041629246303,0.013314999317652168,0.012675694056919642,0.005529106243788851,"ColumnTransformer(remainder='passthrough',
                  transformers=[('dropfts', 'drop', ['feature7', 'feature8'])])",True,,5,150,"{'pre': ColumnTransformer(remainder='passthrough',
                  transformers=[('dropfts', 'drop', ['feature7', 'feature8'])]), 'rf__bootstrap': True, 'rf__class_weight': None, 'rf__min_samples_split': 5, 'rf__n_estimators': 150}",0.92,0.91,0.9333333333333333,0.9133333333333333,0.9266666666666666,0.9,0.9033333333333333,0.9152380952380953,0.011248582677159728,36,0.9944444444444445,0.9944444444444445,0.9961111111111111,0.9938888888888889,0.9955555555555555,0.9977777777777778,0.995,0.9953174603174603,0.001219229483788647
71,0.3901221070970808,0.005558208541897995,0.01673589433942522,0.0026977467187935017,"ColumnTransformer(remainder='passthrough',
                  transformers=[('dropfts', 'drop', ['feature7', 'feature8'])])",True,,5,200,"{'pre': ColumnTransformer(remainder='passthrough',
                  transformers=[('dropfts', 'drop', ['feature7', 'feature8'])]), 'rf__bootstrap': True, 'rf__class_weight': None, 'rf__min_samples_split': 5, 'rf__n_estimators': 200}",0.9233333333333333,0.91,0.9333333333333333,0.9166666666666666,0.9266666666666666,0.89,0.9066666666666666,0.9152380952380951,0.01343498664730084,47,0.9944444444444445,0.9933333333333333,0.995,0.9966666666666667,0.9966666666666667,0.9977777777777778,0.9966666666666667,0.9957936507936508,0.0014504497525791463
72,0.27437502997262136,0.007461026337005273,0.011131082262311662,0.00704281264169122,"ColumnTransformer(remainder='passthrough',
                  transformers=[('dropfts', 'drop', ['feature7', 'feature8'])])",False,balanced,2,100,"{'pre': ColumnTransformer(remainder='passthrough',
                  transformers=[('dropfts', 'drop', ['feature7', 'feature8'])]), 'rf__bootstrap': False, 'rf__class_weight': 'balanced', 'rf__min_samples_split': 2, 'rf__n_estimators': 100}",0.92,0.8933333333333333,0.9366666666666666,0.9033333333333333,0.94,0.8966666666666666,0.9066666666666666,0.9138095238095237,0.01740539703094959,62,1.0,1.0,1.0,1.0,1.0,1.0,1.0,1.0,0.0
73,0.40882883753095356,0.0002948746395530711,0.01339728491646903,0.005469420923235642,"ColumnTransformer(remainder='passthrough',
                  transformers=[('dropfts', 'drop', ['feature7', 'feature8'])])",False,balanced,2,150,"{'pre': ColumnTransformer(remainder='passthrough',
                  transformers=[('dropfts', 'drop', ['feature7', 'feature8'])]), 'rf__bootstrap': False, 'rf__class_weight': 'balanced', 'rf__min_samples_split': 2, 'rf__n_estimators': 150}",0.9166666666666666,0.89,0.9366666666666666,0.9033333333333333,0.9333333333333333,0.9,0.9066666666666666,0.9123809523809524,0.01610622335741691,82,1.0,1.0,1.0,1.0,1.0,1.0,1.0,1.0,0.0
74,0.5483549662998745,0.009692455234722381,0.020079476492745534,0.006628593182852886,"ColumnTransformer(remainder='passthrough',
                  transformers=[('dropfts', 'drop', ['feature7', 'feature8'])])",False,balanced,2,200,"{'pre': ColumnTransformer(remainder='passthrough',
                  transformers=[('dropfts', 'drop', ['feature7', 'feature8'])]), 'rf__bootstrap': False, 'rf__class_weight': 'balanced', 'rf__min_samples_split': 2, 'rf__n_estimators': 200}",0.92,0.8933333333333333,0.9366666666666666,0.91,0.9333333333333333,0.9,0.9066666666666666,0.9142857142857144,0.015193386793851259,56,1.0,1.0,1.0,1.0,1.0,1.0,1.0,1.0,0.0
75,0.2685107844216483,0.007505222370174087,0.011153391429356166,0.0070540822600134315,"ColumnTransformer(remainder='passthrough',
                  transformers=[('dropfts', 'drop', ['feature7', 'feature8'])])",False,balanced,3,100,"{'pre': ColumnTransformer(remainder='passthrough',
                  transformers=[('dropfts', 'drop', ['feature7', 'feature8'])]), 'rf__bootstrap': False, 'rf__class_weight': 'balanced', 'rf__min_samples_split': 3, 'rf__n_estimators': 100}",0.9133333333333333,0.8966666666666666,0.9366666666666666,0.91,0.93,0.9,0.91,0.913809523809524,0.01361938061530962,61,1.0,1.0,1.0,1.0,1.0,1.0,1.0,1.0,0.0
76,0.4111593110220773,0.005199045775649848,0.00671076774597168,0.007748984378859526,"ColumnTransformer(remainder='passthrough',
                  transformers=[('dropfts', 'drop', ['feature7', 'feature8'])])",False,balanced,3,150,"{'pre': ColumnTransformer(remainder='passthrough',
                  transformers=[('dropfts', 'drop', ['feature7', 'feature8'])]), 'rf__bootstrap': False, 'rf__class_weight': 'balanced', 'rf__min_samples_split': 3, 'rf__n_estimators': 150}",0.9166666666666666,0.8966666666666666,0.94,0.9066666666666666,0.93,0.9,0.9066666666666666,0.9138095238095237,0.014846149779161811,62,1.0,1.0,1.0,1.0,1.0,1.0,1.0,1.0,0.0
77,0.5455699988773891,0.010814620812168722,0.013990129743303572,0.0021416589957943617,"ColumnTransformer(remainder='passthrough',
                  transformers=[('dropfts', 'drop', ['feature7', 'feature8'])])",False,balanced,3,200,"{'pre': ColumnTransformer(remainder='passthrough',
                  transformers=[('dropfts', 'drop', ['feature7', 'feature8'])]), 'rf__bootstrap': False, 'rf__class_weight': 'balanced', 'rf__min_samples_split': 3, 'rf__n_estimators': 200}",0.9166666666666666,0.9033333333333333,0.9333333333333333,0.91,0.93,0.9,0.91,0.9147619047619048,0.01179953494606083,48,1.0,1.0,1.0,1.0,1.0,1.0,1.0,1.0,0.0
78,0.2697483130863735,0.005168598044590239,0.015639475413731167,2.718202271815895e-05,"ColumnTransformer(remainder='passthrough',
                  transformers=[('dropfts', 'drop', ['feature7', 'feature8'])])",False,balanced,4,100,"{'pre': ColumnTransformer(remainder='passthrough',
                  transformers=[('dropfts', 'drop', ['feature7', 'feature8'])]), 'rf__bootstrap': False, 'rf__class_weight': 'balanced', 'rf__min_samples_split': 4, 'rf__n_estimators': 100}",0.9233333333333333,0.9066666666666666,0.9366666666666666,0.9066666666666666,0.93,0.9,0.9133333333333333,0.9166666666666667,0.012598815766974253,14,1.0,1.0,1.0,1.0,1.0,1.0,1.0,1.0,0.0
79,0.4042142799922398,0.007248173525288745,0.013416154044015067,0.005477194633565239,"ColumnTransformer(remainder='passthrough',
                  transformers=[('dropfts', 'drop', ['feature7', 'feature8'])])",False,balanced,4,150,"{'pre': ColumnTransformer(remainder='passthrough',
                  transformers=[('dropfts', 'drop', ['feature7', 'feature8'])]), 'rf__bootstrap': False, 'rf__class_weight': 'balanced', 'rf__min_samples_split': 4, 'rf__n_estimators': 150}",0.9166666666666666,0.91,0.9366666666666666,0.9066666666666666,0.9333333333333333,0.9033333333333333,0.9166666666666666,0.9176190476190477,0.011914281907806485,6,1.0,1.0,1.0,1.0,1.0,1.0,1.0,1.0,0.0
80,0.5357835292816162,0.006376481475152345,0.01786017417907715,0.005463369569475265,"ColumnTransformer(remainder='passthrough',
                  transformers=[('dropfts', 'drop', ['feature7', 'feature8'])])",False,balanced,4,200,"{'pre': ColumnTransformer(remainder='passthrough',
                  transformers=[('dropfts', 'drop', ['feature7', 'feature8'])]), 'rf__bootstrap': False, 'rf__class_weight': 'balanced', 'rf__min_samples_split': 4, 'rf__n_estimators': 200}",0.92,0.9066666666666666,0.9333333333333333,0.91,0.9333333333333333,0.8966666666666666,0.91,0.9157142857142857,0.012812975282927363,31,1.0,1.0,1.0,1.0,1.0,1.0,1.0,1.0,0.0
81,0.2694870744432722,0.00538029237885946,0.0022351741790771484,0.0054750362249832854,"ColumnTransformer(remainder='passthrough',
                  transformers=[('dropfts', 'drop', ['feature7', 'feature8'])])",False,balanced,5,100,"{'pre': ColumnTransformer(remainder='passthrough',
                  transformers=[('dropfts', 'drop', ['feature7', 'feature8'])]), 'rf__bootstrap': False, 'rf__class_weight': 'balanced', 'rf__min_samples_split': 5, 'rf__n_estimators': 100}",0.91,0.91,0.93,0.9133333333333333,0.93,0.8933333333333333,0.9033333333333333,0.9128571428571428,0.012399253872658628,78,1.0,1.0,1.0,1.0,1.0,1.0,1.0,1.0,0.0
82,0.4009894643511091,0.00717329689277103,0.01629594394138881,0.0016093101118691432,"ColumnTransformer(remainder='passthrough',
                  transformers=[('dropfts', 'drop', ['feature7', 'feature8'])])",False,balanced,5,150,"{'pre': ColumnTransformer(remainder='passthrough',
                  transformers=[('dropfts', 'drop', ['feature7', 'feature8'])]), 'rf__bootstrap': False, 'rf__class_weight': 'balanced', 'rf__min_samples_split': 5, 'rf__n_estimators': 150}",0.9133333333333333,0.91,0.93,0.9133333333333333,0.93,0.8966666666666666,0.9,0.9133333333333333,0.012084359562332902,69,1.0,1.0,1.0,1.0,1.0,1.0,1.0,1.0,0.0
83,0.5393355573926654,0.007408440625221572,0.015971456255231584,0.0007171099270025894,"ColumnTransformer(remainder='passthrough',
                  transformers=[('dropfts', 'drop', ['feature7', 'feature8'])])",False,balanced,5,200,"{'pre': ColumnTransformer(remainder='passthrough',
                  transformers=[('dropfts', 'drop', ['feature7', 'feature8'])]), 'rf__bootstrap': False, 'rf__class_weight': 'balanced', 'rf__min_samples_split': 5, 'rf__n_estimators': 200}",0.9166666666666666,0.9166666666666666,0.9333333333333333,0.9166666666666666,0.93,0.8966666666666666,0.9,0.9157142857142857,0.012688488185213568,31,1.0,1.0,1.0,1.0,1.0,1.0,1.0,1.0,0.0
84,0.26714907373700825,0.007343170888293944,0.008283615112304688,0.0059331230013376455,"ColumnTransformer(remainder='passthrough',
                  transformers=[('dropfts', 'drop', ['feature7', 'feature8'])])",False,,2,100,"{'pre': ColumnTransformer(remainder='passthrough',
                  transformers=[('dropfts', 'drop', ['feature7', 'feature8'])]), 'rf__bootstrap': False, 'rf__class_weight': None, 'rf__min_samples_split': 2, 'rf__n_estimators': 100}",0.9066666666666666,0.9133333333333333,0.9333333333333333,0.9133333333333333,0.93,0.9033333333333333,0.9133333333333333,0.916190476190476,0.010454523047666758,30,1.0,1.0,1.0,1.0,1.0,1.0,1.0,1.0,0.0
85,0.4030545098440988,0.006570789466211084,0.010809830256870814,0.00849565219955849,"ColumnTransformer(remainder='passthrough',
                  transformers=[('dropfts', 'drop', ['feature7', 'feature8'])])",False,,2,150,"{'pre': ColumnTransformer(remainder='passthrough',
                  transformers=[('dropfts', 'drop', ['feature7', 'feature8'])]), 'rf__bootstrap': False, 'rf__class_weight': None, 'rf__min_samples_split': 2, 'rf__n_estimators': 150}",0.9166666666666666,0.91,0.9333333333333333,0.9166666666666666,0.9333333333333333,0.9033333333333333,0.9133333333333333,0.918095238095238,0.010519391444940254,2,1.0,1.0,1.0,1.0,1.0,1.0,1.0,1.0,0.0
86,0.5272771290370396,0.007677923312823846,0.01572305815560477,0.00019259354891484873,"ColumnTransformer(remainder='passthrough',
                  transformers=[('dropfts', 'drop', ['feature7', 'feature8'])])",False,,2,200,"{'pre': ColumnTransformer(remainder='passthrough',
                  transformers=[('dropfts', 'drop', ['feature7', 'feature8'])]), 'rf__bootstrap': False, 'rf__class_weight': None, 'rf__min_samples_split': 2, 'rf__n_estimators': 200}",0.91,0.91,0.9366666666666666,0.9133333333333333,0.9333333333333333,0.91,0.91,0.9176190476190477,0.01108613973983124,6,1.0,1.0,1.0,1.0,1.0,1.0,1.0,1.0,0.0
87,0.2591452939169748,0.006696989144561512,0.013420513698032923,0.005479040063013761,"ColumnTransformer(remainder='passthrough',
                  transformers=[('dropfts', 'drop', ['feature7', 'feature8'])])",False,,3,100,"{'pre': ColumnTransformer(remainder='passthrough',
                  transformers=[('dropfts', 'drop', ['feature7', 'feature8'])]), 'rf__bootstrap': False, 'rf__class_weight': None, 'rf__min_samples_split': 3, 'rf__n_estimators': 100}",0.9066666666666666,0.91,0.9333333333333333,0.9033333333333333,0.9333333333333333,0.8933333333333333,0.9133333333333333,0.9133333333333333,0.013915846853526164,69,1.0,1.0,1.0,1.0,1.0,1.0,1.0,1.0,0.0
88,0.4057056222643171,0.009944980328858752,0.014953647341047014,0.002333677639546416,"ColumnTransformer(remainder='passthrough',
                  transformers=[('dropfts', 'drop', ['feature7', 'feature8'])])",False,,3,150,"{'pre': ColumnTransformer(remainder='passthrough',
                  transformers=[('dropfts', 'drop', ['feature7', 'feature8'])]), 'rf__bootstrap': False, 'rf__class_weight': None, 'rf__min_samples_split': 3, 'rf__n_estimators': 150}",0.91,0.91,0.9333333333333333,0.91,0.93,0.89,0.9133333333333333,0.9138095238095237,0.013384256497671618,62,1.0,1.0,1.0,1.0,1.0,1.0,1.0,1.0,0.0
89,0.5227066108158657,0.00727927705085181,0.01593780517578125,0.0007389720247541825,"ColumnTransformer(remainder='passthrough',
                  transformers=[('dropfts', 'drop', ['feature7', 'feature8'])])",False,,3,200,"{'pre': ColumnTransformer(remainder='passthrough',
                  transformers=[('dropfts', 'drop', ['feature7', 'feature8'])]), 'rf__bootstrap': False, 'rf__class_weight': None, 'rf__min_samples_split': 3, 'rf__n_estimators': 200}",0.9066666666666666,0.9066666666666666,0.9333333333333333,0.91,0.93,0.8933333333333333,0.9133333333333333,0.9133333333333333,0.012971274735120247,69,1.0,1.0,1.0,1.0,1.0,1.0,1.0,1.0,0.0
90,0.2606263501303537,0.007288027887244807,0.0065512316567557195,0.0075710439977950544,"ColumnTransformer(remainder='passthrough',
                  transformers=[('dropfts', 'drop', ['feature7', 'feature8'])])",False,,4,100,"{'pre': ColumnTransformer(remainder='passthrough',
                  transformers=[('dropfts', 'drop', ['feature7', 'feature8'])]), 'rf__bootstrap': False, 'rf__class_weight': None, 'rf__min_samples_split': 4, 'rf__n_estimators': 100}",0.9133333333333333,0.9033333333333333,0.93,0.92,0.9333333333333333,0.8933333333333333,0.9133333333333333,0.9152380952380952,0.013075743064520001,37,1.0,1.0,1.0,1.0,1.0,1.0,1.0,1.0,0.0
91,0.3932672568729946,0.0013889671666313243,0.015641280582972934,3.6085065013529686e-05,"ColumnTransformer(remainder='passthrough',
                  transformers=[('dropfts', 'drop', ['feature7', 'feature8'])])",False,,4,150,"{'pre': ColumnTransformer(remainder='passthrough',
                  transformers=[('dropfts', 'drop', ['feature7', 'feature8'])]), 'rf__bootstrap': False, 'rf__class_weight': None, 'rf__min_samples_split': 4, 'rf__n_estimators': 150}",0.9133333333333333,0.9033333333333333,0.93,0.92,0.9366666666666666,0.8966666666666666,0.9066666666666666,0.9152380952380952,0.013434986647300865,37,1.0,1.0,1.0,1.0,1.0,1.0,1.0,1.0,0.0
92,0.5261623178209577,0.010857005612085288,0.018040759222848073,0.005401060380792066,"ColumnTransformer(remainder='passthrough',
                  transformers=[('dropfts', 'drop', ['feature7', 'feature8'])])",False,,4,200,"{'pre': ColumnTransformer(remainder='passthrough',
                  transformers=[('dropfts', 'drop', ['feature7', 'feature8'])]), 'rf__bootstrap': False, 'rf__class_weight': None, 'rf__min_samples_split': 4, 'rf__n_estimators': 200}",0.9233333333333333,0.9,0.9333333333333333,0.9166666666666666,0.9333333333333333,0.8933333333333333,0.9066666666666666,0.9152380952380952,0.014677176197545192,37,1.0,1.0,1.0,1.0,1.0,1.0,1.0,1.0,0.0
93,0.2595977783203125,0.007277802751705451,0.01003122329711914,0.006992350516721405,"ColumnTransformer(remainder='passthrough',
                  transformers=[('dropfts', 'drop', ['feature7', 'feature8'])])",False,,5,100,"{'pre': ColumnTransformer(remainder='passthrough',
                  transformers=[('dropfts', 'drop', ['feature7', 'feature8'])]), 'rf__bootstrap': False, 'rf__class_weight': None, 'rf__min_samples_split': 5, 'rf__n_estimators': 100}",0.9166666666666666,0.9033333333333333,0.93,0.9,0.93,0.8966666666666666,0.9133333333333333,0.9128571428571428,0.012652695481510904,78,1.0,1.0,1.0,1.0,1.0,1.0,1.0,1.0,0.0
94,0.3962500776563372,0.015217249252256967,0.012677839824131556,0.00547022695590149,"ColumnTransformer(remainder='passthrough',
                  transformers=[('dropfts', 'drop', ['feature7', 'feature8'])])",False,,5,150,"{'pre': ColumnTransformer(remainder='passthrough',
                  transformers=[('dropfts', 'drop', ['feature7', 'feature8'])]), 'rf__bootstrap': False, 'rf__class_weight': None, 'rf__min_samples_split': 5, 'rf__n_estimators': 150}",0.9166666666666666,0.9066666666666666,0.9266666666666666,0.9033333333333333,0.93,0.9,0.9133333333333333,0.9138095238095237,0.010605265453009573,62,1.0,1.0,1.0,1.0,1.0,1.0,1.0,1.0,0.0
95,0.529034035546439,0.016751964501491867,0.015741688864571706,0.00019209178377609305,"ColumnTransformer(remainder='passthrough',
                  transformers=[('dropfts', 'drop', ['feature7', 'feature8'])])",False,,5,200,"{'pre': ColumnTransformer(remainder='passthrough',
                  transformers=[('dropfts', 'drop', ['feature7', 'feature8'])]), 'rf__bootstrap': False, 'rf__class_weight': None, 'rf__min_samples_split': 5, 'rf__n_estimators': 200}",0.92,0.9066666666666666,0.93,0.91,0.93,0.8966666666666666,0.9133333333333333,0.9152380952380952,0.0113888197553347,37,1.0,1.0,1.0,1.0,1.0,1.0,1.0,1.0,0.0
